Designator,Footprint,Quantity,Value,LCSC Part #
BT1,BAT-HLD-001,1,Battery_Cell,
BZ1,CPT-1117-BUZZ,1,Buzzer,
"C1, C3, C4, C5, C6",C_0603_1608Metric,5,100n,
C2,C_0603_1608Metric,1,10u,
"D1, D10, D11, D12, D13, D14, D15, D16, D17, D18, D19, D2, D20, D21, D22, D23, D24, D3, D4, D5, D6, D7, D8, D9",LED_0603_1608Metric,24,LED,
J3,3w2bv2,1,keys1_5,
J4,4w3bv2,1,keys6_12,
J5,3w2bv2,1,keys13_17,
J6,4w3bv2,1,keys18_24,
"J7, J8",MountingHole_2.2mm_M2_Pad_Via,2,Conn_pen,
"R1, R10, R11, R12, R13, R14, R15, R16, R17, R18, R19, R2, R20, R21, R22, R23, R24, R25, R3, R4, R5, R6, R7, R8, R9",R_0603_1608Metric,25,1k,
SW1,SW_SPDT_CK-JS102011SAQN,1,PWR_SW,
SW2,SW_Push_1P1T_NO_6x6mm_H9.5mm,1,SW_Push,
TP1,TestPoint_Pad_D2.0mm,1,Reset,
"TP2, TP3, TP4, TP5, TP6, TP7",TestPoint_Pad_D1.5mm,6,TestPoint_Small,
"U1, U3, U4",SOIC127P600X175-16N,3,74HC595D,"74HC595D,118"
U2,TQFP-48_7x7mm_P0.5mm,1,ATmega4809-A,
